metric_name,timestamp,metric_value,check,error,error_code,expected_response,group,method,name,proto,scenario,service,status,subproto,tls_version,url,extra_tags
data_sent,1632418309,0.000000,,,,,::setup,,,,,,,,,,script=list-artifacts
data_received,1632418309,0.000000,,,,,::setup,,,,,,,,,,script=list-artifacts
iteration_duration,1632418309,0.058590,,,,,::setup,,,,,,,,,,script=list-artifacts
vus,1632418310,100.000000,,,,,,,,,,,,,,,script=list-artifacts
vus_max,1632418310,100.000000,,,,,,,,,,,,,,,script=list-artifacts
success,1632418311,1.000000,,,,,,,,,default,,,,,,script=list-artifacts
data_sent,1632418311,0.000000,,,,,,,,,default,,,,,,script=list-artifacts
data_received,1632418311,0.000000,,,,,,,,,default,,,,,,script=list-artifacts
iteration_duration,1632418311,1393.247935,,,,,,,,,default,,,,,,script=list-artifacts
iterations,1632418311,1.000000,,,,,,,,,default,,,,,,script=list-artifacts
success,1632418311,1.000000,,,,,,,,,default,,,,,,script=list-artifacts
data_sent,1632418311,0.000000,,,,,,,,,default,,,,,,script=list-artifacts
data_received,1632418311,0.000000,,,,,,,,,default,,,,,,script=list-artifacts
iteration_duration,1632418311,1459.569892,,,,,,,,,default,,,,,,script=list-artifacts
iterations,1632418311,1.000000,,,,,,,,,default,,,,,,script=list-artifacts
success,1632418311,1.000000,,,,,,,,,default,,,,,,script=list-artifacts
data_sent,1632418311,0.000000,,,,,,,,,default,,,,,,script=list-artifacts
data_received,1632418311,0.000000,,,,,,,,,default,,,,,,script=list-artifacts
iteration_duration,1632418311,1465.094695,,,,,,,,,default,,,,,,script=list-artifacts
iterations,1632418311,1.000000,,,,,,,,,default,,,,,,script=list-artifacts
success,1632418311,1.000000,,,,,,,,,default,,,,,,script=list-artifacts
data_sent,1632418311,0.000000,,,,,,,,,default,,,,,,script=list-artifacts
data_received,1632418311,0.000000,,,,,,,,,default,,,,,,script=list-artifacts
iteration_duration,1632418311,1479.953791,,,,,,,,,default,,,,,,script=list-artifacts
iterations,1632418311,1.000000,,,,,,,,,default,,,,,,script=list-artifacts
success,1632418311,1.000000,,,,,,,,,default,,,,,,script=list-artifacts
data_sent,1632418311,0.000000,,,,,,,,,default,,,,,,script=list-artifacts
data_received,1632418311,0.000000,,,,,,,,,default,,,,,,script=list-artifacts
iteration_duration,1632418311,1489.421669,,,,,,,,,default,,,,,,script=list-artifacts
iterations,1632418311,1.000000,,,,,,,,,default,,,,,,script=list-artifacts
success,1632418311,1.000000,,,,,,,,,default,,,,,,script=list-artifacts
data_sent,1632418311,0.000000,,,,,,,,,default,,,,,,script=list-artifacts
data_received,1632418311,0.000000,,,,,,,,,default,,,,,,script=list-artifacts
iteration_duration,1632418311,1494.076287,,,,,,,,,default,,,,,,script=list-artifacts
iterations,1632418311,1.000000,,,,,,,,,default,,,,,,script=list-artifacts
success,1632418311,1.000000,,,,,,,,,default,,,,,,script=list-artifacts
data_sent,1632418311,0.000000,,,,,,,,,default,,,,,,script=list-artifacts
data_received,1632418311,0.000000,,,,,,,,,default,,,,,,script=list-artifacts
iteration_duration,1632418311,1503.805934,,,,,,,,,default,,,,,,script=list-artifacts
iterations,1632418311,1.000000,,,,,,,,,default,,,,,,script=list-artifacts
success,1632418311,1.000000,,,,,,,,,default,,,,,,script=list-artifacts
data_sent,1632418311,0.000000,,,,,,,,,default,,,,,,script=list-artifacts
data_received,1632418311,0.000000,,,,,,,,,default,,,,,,script=list-artifacts
iteration_duration,1632418311,1516.271746,,,,,,,,,default,,,,,,script=list-artifacts
iterations,1632418311,1.000000,,,,,,,,,default,,,,,,script=list-artifacts
success,1632418311,1.000000,,,,,,,,,default,,,,,,script=list-artifacts
data_sent,1632418311,0.000000,,,,,,,,,default,,,,,,script=list-artifacts
data_received,1632418311,0.000000,,,,,,,,,default,,,,,,script=list-artifacts
iteration_duration,1632418311,1533.401556,,,,,,,,,default,,,,,,script=list-artifacts
iterations,1632418311,1.000000,,,,,,,,,default,,,,,,script=list-artifacts
success,1632418311,1.000000,,,,,,,,,default,,,,,,script=list-artifacts
data_sent,1632418311,0.000000,,,,,,,,,default,,,,,,script=list-artifacts
data_received,1632418311,0.000000,,,,,,,,,default,,,,,,script=list-artifacts
iteration_duration,1632418311,1536.202247,,,,,,,,,default,,,,,,script=list-artifacts
iterations,1632418311,1.000000,,,,,,,,,default,,,,,,script=list-artifacts
success,1632418311,1.000000,,,,,,,,,default,,,,,,script=list-artifacts
data_sent,1632418311,0.000000,,,,,,,,,default,,,,,,script=list-artifacts
data_received,1632418311,0.000000,,,,,,,,,default,,,,,,script=list-artifacts
iteration_duration,1632418311,1537.879553,,,,,,,,,default,,,,,,script=list-artifacts
iterations,1632418311,1.000000,,,,,,,,,default,,,,,,script=list-artifacts
success,1632418311,1.000000,,,,,,,,,default,,,,,,script=list-artifacts
data_sent,1632418311,0.000000,,,,,,,,,default,,,,,,script=list-artifacts
data_received,1632418311,0.000000,,,,,,,,,default,,,,,,script=list-artifacts
iteration_duration,1632418311,1541.605046,,,,,,,,,default,,,,,,script=list-artifacts
iterations,1632418311,1.000000,,,,,,,,,default,,,,,,script=list-artifacts
success,1632418311,1.000000,,,,,,,,,default,,,,,,script=list-artifacts
data_sent,1632418311,0.000000,,,,,,,,,default,,,,,,script=list-artifacts
data_received,1632418311,0.000000,,,,,,,,,default,,,,,,script=list-artifacts
iteration_duration,1632418311,1541.656361,,,,,,,,,default,,,,,,script=list-artifacts
iterations,1632418311,1.000000,,,,,,,,,default,,,,,,script=list-artifacts
success,1632418311,1.000000,,,,,,,,,default,,,,,,script=list-artifacts
data_sent,1632418311,0.000000,,,,,,,,,default,,,,,,script=list-artifacts
data_received,1632418311,0.000000,,,,,,,,,default,,,,,,script=list-artifacts
iteration_duration,1632418311,1543.287510,,,,,,,,,default,,,,,,script=list-artifacts
iterations,1632418311,1.000000,,,,,,,,,default,,,,,,script=list-artifacts
success,1632418311,1.000000,,,,,,,,,default,,,,,,script=list-artifacts
data_sent,1632418311,0.000000,,,,,,,,,default,,,,,,script=list-artifacts
data_received,1632418311,0.000000,,,,,,,,,default,,,,,,script=list-artifacts
iteration_duration,1632418311,1547.465375,,,,,,,,,default,,,,,,script=list-artifacts
iterations,1632418311,1.000000,,,,,,,,,default,,,,,,script=list-artifacts
success,1632418311,1.000000,,,,,,,,,default,,,,,,script=list-artifacts
data_sent,1632418311,0.000000,,,,,,,,,default,,,,,,script=list-artifacts
data_received,1632418311,0.000000,,,,,,,,,default,,,,,,script=list-artifacts
iteration_duration,1632418311,1547.805341,,,,,,,,,default,,,,,,script=list-artifacts
iterations,1632418311,1.000000,,,,,,,,,default,,,,,,script=list-artifacts
success,1632418311,1.000000,,,,,,,,,default,,,,,,script=list-artifacts
data_sent,1632418311,0.000000,,,,,,,,,default,,,,,,script=list-artifacts
data_received,1632418311,0.000000,,,,,,,,,default,,,,,,script=list-artifacts
iteration_duration,1632418311,1550.802593,,,,,,,,,default,,,,,,script=list-artifacts
iterations,1632418311,1.000000,,,,,,,,,default,,,,,,script=list-artifacts
success,1632418311,1.000000,,,,,,,,,default,,,,,,script=list-artifacts
data_sent,1632418311,0.000000,,,,,,,,,default,,,,,,script=list-artifacts
data_received,1632418311,0.000000,,,,,,,,,default,,,,,,script=list-artifacts
iteration_duration,1632418311,1557.245162,,,,,,,,,default,,,,,,script=list-artifacts
iterations,1632418311,1.000000,,,,,,,,,default,,,,,,script=list-artifacts
success,1632418311,1.000000,,,,,,,,,default,,,,,,script=list-artifacts
data_sent,1632418311,0.000000,,,,,,,,,default,,,,,,script=list-artifacts
data_received,1632418311,0.000000,,,,,,,,,default,,,,,,script=list-artifacts
iteration_duration,1632418311,1562.423136,,,,,,,,,default,,,,,,script=list-artifacts
iterations,1632418311,1.000000,,,,,,,,,default,,,,,,script=list-artifacts
success,1632418311,1.000000,,,,,,,,,default,,,,,,script=list-artifacts
data_sent,1632418311,0.000000,,,,,,,,,default,,,,,,script=list-artifacts
data_received,1632418311,0.000000,,,,,,,,,default,,,,,,script=list-artifacts
iteration_duration,1632418311,1562.991965,,,,,,,,,default,,,,,,script=list-artifacts
iterations,1632418311,1.000000,,,,,,,,,default,,,,,,script=list-artifacts
success,1632418311,1.000000,,,,,,,,,default,,,,,,script=list-artifacts
data_sent,1632418311,0.000000,,,,,,,,,default,,,,,,script=list-artifacts
data_received,1632418311,0.000000,,,,,,,,,default,,,,,,script=list-artifacts
iteration_duration,1632418311,1564.424571,,,,,,,,,default,,,,,,script=list-artifacts
iterations,1632418311,1.000000,,,,,,,,,default,,,,,,script=list-artifacts
success,1632418311,1.000000,,,,,,,,,default,,,,,,script=list-artifacts
data_sent,1632418311,0.000000,,,,,,,,,default,,,,,,script=list-artifacts
data_received,1632418311,0.000000,,,,,,,,,default,,,,,,script=list-artifacts
iteration_duration,1632418311,1564.964417,,,,,,,,,default,,,,,,script=list-artifacts
iterations,1632418311,1.000000,,,,,,,,,default,,,,,,script=list-artifacts
success,1632418311,1.000000,,,,,,,,,default,,,,,,script=list-artifacts
data_sent,1632418311,0.000000,,,,,,,,,default,,,,,,script=list-artifacts
data_received,1632418311,0.000000,,,,,,,,,default,,,,,,script=list-artifacts
iteration_duration,1632418311,1570.244125,,,,,,,,,default,,,,,,script=list-artifacts
iterations,1632418311,1.000000,,,,,,,,,default,,,,,,script=list-artifacts
success,1632418311,1.000000,,,,,,,,,default,,,,,,script=list-artifacts
data_sent,1632418311,0.000000,,,,,,,,,default,,,,,,script=list-artifacts
data_received,1632418311,0.000000,,,,,,,,,default,,,,,,script=list-artifacts
iteration_duration,1632418311,1571.224444,,,,,,,,,default,,,,,,script=list-artifacts
iterations,1632418311,1.000000,,,,,,,,,default,,,,,,script=list-artifacts
success,1632418311,1.000000,,,,,,,,,default,,,,,,script=list-artifacts
data_sent,1632418311,0.000000,,,,,,,,,default,,,,,,script=list-artifacts
data_received,1632418311,0.000000,,,,,,,,,default,,,,,,script=list-artifacts
iteration_duration,1632418311,1573.551991,,,,,,,,,default,,,,,,script=list-artifacts
iterations,1632418311,1.000000,,,,,,,,,default,,,,,,script=list-artifacts
success,1632418311,1.000000,,,,,,,,,default,,,,,,script=list-artifacts
data_sent,1632418311,0.000000,,,,,,,,,default,,,,,,script=list-artifacts
data_received,1632418311,0.000000,,,,,,,,,default,,,,,,script=list-artifacts
iteration_duration,1632418311,1577.306211,,,,,,,,,default,,,,,,script=list-artifacts
iterations,1632418311,1.000000,,,,,,,,,default,,,,,,script=list-artifacts
success,1632418311,1.000000,,,,,,,,,default,,,,,,script=list-artifacts
data_sent,1632418311,0.000000,,,,,,,,,default,,,,,,script=list-artifacts
data_received,1632418311,0.000000,,,,,,,,,default,,,,,,script=list-artifacts
iteration_duration,1632418311,1578.638280,,,,,,,,,default,,,,,,script=list-artifacts
iterations,1632418311,1.000000,,,,,,,,,default,,,,,,script=list-artifacts
success,1632418311,1.000000,,,,,,,,,default,,,,,,script=list-artifacts
data_sent,1632418311,0.000000,,,,,,,,,default,,,,,,script=list-artifacts
data_received,1632418311,0.000000,,,,,,,,,default,,,,,,script=list-artifacts
iteration_duration,1632418311,1579.441509,,,,,,,,,default,,,,,,script=list-artifacts
iterations,1632418311,1.000000,,,,,,,,,default,,,,,,script=list-artifacts
success,1632418311,1.000000,,,,,,,,,default,,,,,,script=list-artifacts
data_sent,1632418311,0.000000,,,,,,,,,default,,,,,,script=list-artifacts
data_received,1632418311,0.000000,,,,,,,,,default,,,,,,script=list-artifacts
iteration_duration,1632418311,1580.107651,,,,,,,,,default,,,,,,script=list-artifacts
iterations,1632418311,1.000000,,,,,,,,,default,,,,,,script=list-artifacts
success,1632418311,1.000000,,,,,,,,,default,,,,,,script=list-artifacts
data_sent,1632418311,0.000000,,,,,,,,,default,,,,,,script=list-artifacts
data_received,1632418311,0.000000,,,,,,,,,default,,,,,,script=list-artifacts
iteration_duration,1632418311,1586.366859,,,,,,,,,default,,,,,,script=list-artifacts
iterations,1632418311,1.000000,,,,,,,,,default,,,,,,script=list-artifacts
success,1632418311,1.000000,,,,,,,,,default,,,,,,script=list-artifacts
data_sent,1632418311,0.000000,,,,,,,,,default,,,,,,script=list-artifacts
data_received,1632418311,0.000000,,,,,,,,,default,,,,,,script=list-artifacts
iteration_duration,1632418311,1589.263746,,,,,,,,,default,,,,,,script=list-artifacts
iterations,1632418311,1.000000,,,,,,,,,default,,,,,,script=list-artifacts
success,1632418311,1.000000,,,,,,,,,default,,,,,,script=list-artifacts
data_sent,1632418311,0.000000,,,,,,,,,default,,,,,,script=list-artifacts
data_received,1632418311,0.000000,,,,,,,,,default,,,,,,script=list-artifacts
iteration_duration,1632418311,1591.446506,,,,,,,,,default,,,,,,script=list-artifacts
iterations,1632418311,1.000000,,,,,,,,,default,,,,,,script=list-artifacts
success,1632418311,1.000000,,,,,,,,,default,,,,,,script=list-artifacts
data_sent,1632418311,0.000000,,,,,,,,,default,,,,,,script=list-artifacts
data_received,1632418311,0.000000,,,,,,,,,default,,,,,,script=list-artifacts
iteration_duration,1632418311,1593.043387,,,,,,,,,default,,,,,,script=list-artifacts
iterations,1632418311,1.000000,,,,,,,,,default,,,,,,script=list-artifacts
success,1632418311,1.000000,,,,,,,,,default,,,,,,script=list-artifacts
data_sent,1632418311,0.000000,,,,,,,,,default,,,,,,script=list-artifacts
data_received,1632418311,0.000000,,,,,,,,,default,,,,,,script=list-artifacts
iteration_duration,1632418311,1595.411610,,,,,,,,,default,,,,,,script=list-artifacts
iterations,1632418311,1.000000,,,,,,,,,default,,,,,,script=list-artifacts
success,1632418311,1.000000,,,,,,,,,default,,,,,,script=list-artifacts
data_sent,1632418311,0.000000,,,,,,,,,default,,,,,,script=list-artifacts
data_received,1632418311,0.000000,,,,,,,,,default,,,,,,script=list-artifacts
iteration_duration,1632418311,1604.922225,,,,,,,,,default,,,,,,script=list-artifacts
iterations,1632418311,1.000000,,,,,,,,,default,,,,,,script=list-artifacts
success,1632418311,1.000000,,,,,,,,,default,,,,,,script=list-artifacts
data_sent,1632418311,0.000000,,,,,,,,,default,,,,,,script=list-artifacts
data_received,1632418311,0.000000,,,,,,,,,default,,,,,,script=list-artifacts
iteration_duration,1632418311,1604.920442,,,,,,,,,default,,,,,,script=list-artifacts
iterations,1632418311,1.000000,,,,,,,,,default,,,,,,script=list-artifacts
success,1632418311,1.000000,,,,,,,,,default,,,,,,script=list-artifacts
data_sent,1632418311,0.000000,,,,,,,,,default,,,,,,script=list-artifacts
data_received,1632418311,0.000000,,,,,,,,,default,,,,,,script=list-artifacts
iteration_duration,1632418311,1606.891893,,,,,,,,,default,,,,,,script=list-artifacts
iterations,1632418311,1.000000,,,,,,,,,default,,,,,,script=list-artifacts
success,1632418311,1.000000,,,,,,,,,default,,,,,,script=list-artifacts
data_sent,1632418311,0.000000,,,,,,,,,default,,,,,,script=list-artifacts
data_received,1632418311,0.000000,,,,,,,,,default,,,,,,script=list-artifacts
iteration_duration,1632418311,1606.372103,,,,,,,,,default,,,,,,script=list-artifacts
iterations,1632418311,1.000000,,,,,,,,,default,,,,,,script=list-artifacts
success,1632418311,1.000000,,,,,,,,,default,,,,,,script=list-artifacts
data_sent,1632418311,0.000000,,,,,,,,,default,,,,,,script=list-artifacts
data_received,1632418311,0.000000,,,,,,,,,default,,,,,,script=list-artifacts
iteration_duration,1632418311,1607.834891,,,,,,,,,default,,,,,,script=list-artifacts
iterations,1632418311,1.000000,,,,,,,,,default,,,,,,script=list-artifacts
success,1632418311,1.000000,,,,,,,,,default,,,,,,script=list-artifacts
data_sent,1632418311,0.000000,,,,,,,,,default,,,,,,script=list-artifacts
data_received,1632418311,0.000000,,,,,,,,,default,,,,,,script=list-artifacts
iteration_duration,1632418311,1608.887279,,,,,,,,,default,,,,,,script=list-artifacts
iterations,1632418311,1.000000,,,,,,,,,default,,,,,,script=list-artifacts
success,1632418311,1.000000,,,,,,,,,default,,,,,,script=list-artifacts
data_sent,1632418311,0.000000,,,,,,,,,default,,,,,,script=list-artifacts
data_received,1632418311,0.000000,,,,,,,,,default,,,,,,script=list-artifacts
iteration_duration,1632418311,1609.671152,,,,,,,,,default,,,,,,script=list-artifacts
iterations,1632418311,1.000000,,,,,,,,,default,,,,,,script=list-artifacts
success,1632418311,1.000000,,,,,,,,,default,,,,,,script=list-artifacts
data_sent,1632418311,0.000000,,,,,,,,,default,,,,,,script=list-artifacts
data_received,1632418311,0.000000,,,,,,,,,default,,,,,,script=list-artifacts
iteration_duration,1632418311,1615.975775,,,,,,,,,default,,,,,,script=list-artifacts
iterations,1632418311,1.000000,,,,,,,,,default,,,,,,script=list-artifacts
success,1632418311,1.000000,,,,,,,,,default,,,,,,script=list-artifacts
data_sent,1632418311,0.000000,,,,,,,,,default,,,,,,script=list-artifacts
data_received,1632418311,0.000000,,,,,,,,,default,,,,,,script=list-artifacts
iteration_duration,1632418311,1624.089192,,,,,,,,,default,,,,,,script=list-artifacts
iterations,1632418311,1.000000,,,,,,,,,default,,,,,,script=list-artifacts
success,1632418311,1.000000,,,,,,,,,default,,,,,,script=list-artifacts
data_sent,1632418311,0.000000,,,,,,,,,default,,,,,,script=list-artifacts
data_received,1632418311,0.000000,,,,,,,,,default,,,,,,script=list-artifacts
iteration_duration,1632418311,1628.142828,,,,,,,,,default,,,,,,script=list-artifacts
iterations,1632418311,1.000000,,,,,,,,,default,,,,,,script=list-artifacts
success,1632418311,1.000000,,,,,,,,,default,,,,,,script=list-artifacts
data_sent,1632418311,0.000000,,,,,,,,,default,,,,,,script=list-artifacts
data_received,1632418311,0.000000,,,,,,,,,default,,,,,,script=list-artifacts
iteration_duration,1632418311,1637.628617,,,,,,,,,default,,,,,,script=list-artifacts
iterations,1632418311,1.000000,,,,,,,,,default,,,,,,script=list-artifacts
success,1632418311,1.000000,,,,,,,,,default,,,,,,script=list-artifacts
data_sent,1632418311,0.000000,,,,,,,,,default,,,,,,script=list-artifacts
data_received,1632418311,0.000000,,,,,,,,,default,,,,,,script=list-artifacts
iteration_duration,1632418311,1638.301251,,,,,,,,,default,,,,,,script=list-artifacts
iterations,1632418311,1.000000,,,,,,,,,default,,,,,,script=list-artifacts
success,1632418311,1.000000,,,,,,,,,default,,,,,,script=list-artifacts
data_sent,1632418311,0.000000,,,,,,,,,default,,,,,,script=list-artifacts
data_received,1632418311,0.000000,,,,,,,,,default,,,,,,script=list-artifacts
iteration_duration,1632418311,1642.302397,,,,,,,,,default,,,,,,script=list-artifacts
iterations,1632418311,1.000000,,,,,,,,,default,,,,,,script=list-artifacts
success,1632418311,1.000000,,,,,,,,,default,,,,,,script=list-artifacts
data_sent,1632418311,0.000000,,,,,,,,,default,,,,,,script=list-artifacts
data_received,1632418311,0.000000,,,,,,,,,default,,,,,,script=list-artifacts
iteration_duration,1632418311,1646.010127,,,,,,,,,default,,,,,,script=list-artifacts
iterations,1632418311,1.000000,,,,,,,,,default,,,,,,script=list-artifacts
success,1632418311,1.000000,,,,,,,,,default,,,,,,script=list-artifacts
data_sent,1632418311,0.000000,,,,,,,,,default,,,,,,script=list-artifacts
data_received,1632418311,0.000000,,,,,,,,,default,,,,,,script=list-artifacts
iteration_duration,1632418311,1645.607829,,,,,,,,,default,,,,,,script=list-artifacts
iterations,1632418311,1.000000,,,,,,,,,default,,,,,,script=list-artifacts
success,1632418311,1.000000,,,,,,,,,default,,,,,,script=list-artifacts
data_sent,1632418311,0.000000,,,,,,,,,default,,,,,,script=list-artifacts
data_received,1632418311,0.000000,,,,,,,,,default,,,,,,script=list-artifacts
iteration_duration,1632418311,1662.008063,,,,,,,,,default,,,,,,script=list-artifacts
iterations,1632418311,1.000000,,,,,,,,,default,,,,,,script=list-artifacts
success,1632418311,1.000000,,,,,,,,,default,,,,,,script=list-artifacts
data_sent,1632418311,0.000000,,,,,,,,,default,,,,,,script=list-artifacts
data_received,1632418311,0.000000,,,,,,,,,default,,,,,,script=list-artifacts
iteration_duration,1632418311,1664.626046,,,,,,,,,default,,,,,,script=list-artifacts
iterations,1632418311,1.000000,,,,,,,,,default,,,,,,script=list-artifacts
success,1632418311,1.000000,,,,,,,,,default,,,,,,script=list-artifacts
data_sent,1632418311,0.000000,,,,,,,,,default,,,,,,script=list-artifacts
data_received,1632418311,0.000000,,,,,,,,,default,,,,,,script=list-artifacts
iteration_duration,1632418311,1669.925060,,,,,,,,,default,,,,,,script=list-artifacts
iterations,1632418311,1.000000,,,,,,,,,default,,,,,,script=list-artifacts
success,1632418311,1.000000,,,,,,,,,default,,,,,,script=list-artifacts
data_sent,1632418311,0.000000,,,,,,,,,default,,,,,,script=list-artifacts
data_received,1632418311,0.000000,,,,,,,,,default,,,,,,script=list-artifacts
iteration_duration,1632418311,1670.337270,,,,,,,,,default,,,,,,script=list-artifacts
iterations,1632418311,1.000000,,,,,,,,,default,,,,,,script=list-artifacts
success,1632418311,1.000000,,,,,,,,,default,,,,,,script=list-artifacts
data_sent,1632418311,0.000000,,,,,,,,,default,,,,,,script=list-artifacts
data_received,1632418311,0.000000,,,,,,,,,default,,,,,,script=list-artifacts
iteration_duration,1632418311,1679.526550,,,,,,,,,default,,,,,,script=list-artifacts
iterations,1632418311,1.000000,,,,,,,,,default,,,,,,script=list-artifacts
success,1632418311,1.000000,,,,,,,,,default,,,,,,script=list-artifacts
data_sent,1632418311,0.000000,,,,,,,,,default,,,,,,script=list-artifacts
data_received,1632418311,0.000000,,,,,,,,,default,,,,,,script=list-artifacts
iteration_duration,1632418311,1682.344702,,,,,,,,,default,,,,,,script=list-artifacts
iterations,1632418311,1.000000,,,,,,,,,default,,,,,,script=list-artifacts
success,1632418311,1.000000,,,,,,,,,default,,,,,,script=list-artifacts
data_sent,1632418311,0.000000,,,,,,,,,default,,,,,,script=list-artifacts
data_received,1632418311,0.000000,,,,,,,,,default,,,,,,script=list-artifacts
iteration_duration,1632418311,1693.473343,,,,,,,,,default,,,,,,script=list-artifacts
iterations,1632418311,1.000000,,,,,,,,,default,,,,,,script=list-artifacts
success,1632418311,1.000000,,,,,,,,,default,,,,,,script=list-artifacts
data_sent,1632418311,0.000000,,,,,,,,,default,,,,,,script=list-artifacts
data_received,1632418311,0.000000,,,,,,,,,default,,,,,,script=list-artifacts
iteration_duration,1632418311,1702.833200,,,,,,,,,default,,,,,,script=list-artifacts
iterations,1632418311,1.000000,,,,,,,,,default,,,,,,script=list-artifacts
success,1632418311,1.000000,,,,,,,,,default,,,,,,script=list-artifacts
data_sent,1632418311,0.000000,,,,,,,,,default,,,,,,script=list-artifacts
data_received,1632418311,0.000000,,,,,,,,,default,,,,,,script=list-artifacts
iteration_duration,1632418311,1719.888612,,,,,,,,,default,,,,,,script=list-artifacts
iterations,1632418311,1.000000,,,,,,,,,default,,,,,,script=list-artifacts
success,1632418311,1.000000,,,,,,,,,default,,,,,,script=list-artifacts
data_sent,1632418311,0.000000,,,,,,,,,default,,,,,,script=list-artifacts
data_received,1632418311,0.000000,,,,,,,,,default,,,,,,script=list-artifacts
iteration_duration,1632418311,1725.902079,,,,,,,,,default,,,,,,script=list-artifacts
iterations,1632418311,1.000000,,,,,,,,,default,,,,,,script=list-artifacts
success,1632418311,1.000000,,,,,,,,,default,,,,,,script=list-artifacts
data_sent,1632418311,0.000000,,,,,,,,,default,,,,,,script=list-artifacts
data_received,1632418311,0.000000,,,,,,,,,default,,,,,,script=list-artifacts
iteration_duration,1632418311,1726.999373,,,,,,,,,default,,,,,,script=list-artifacts
iterations,1632418311,1.000000,,,,,,,,,default,,,,,,script=list-artifacts
success,1632418311,1.000000,,,,,,,,,default,,,,,,script=list-artifacts
data_sent,1632418311,0.000000,,,,,,,,,default,,,,,,script=list-artifacts
data_received,1632418311,0.000000,,,,,,,,,default,,,,,,script=list-artifacts
iteration_duration,1632418311,1733.144383,,,,,,,,,default,,,,,,script=list-artifacts
iterations,1632418311,1.000000,,,,,,,,,default,,,,,,script=list-artifacts
success,1632418311,1.000000,,,,,,,,,default,,,,,,script=list-artifacts
data_sent,1632418311,0.000000,,,,,,,,,default,,,,,,script=list-artifacts
data_received,1632418311,0.000000,,,,,,,,,default,,,,,,script=list-artifacts
iteration_duration,1632418311,1738.915553,,,,,,,,,default,,,,,,script=list-artifacts
iterations,1632418311,1.000000,,,,,,,,,default,,,,,,script=list-artifacts
success,1632418311,1.000000,,,,,,,,,default,,,,,,script=list-artifacts
data_sent,1632418311,0.000000,,,,,,,,,default,,,,,,script=list-artifacts
data_received,1632418311,0.000000,,,,,,,,,default,,,,,,script=list-artifacts
iteration_duration,1632418311,1748.140021,,,,,,,,,default,,,,,,script=list-artifacts
iterations,1632418311,1.000000,,,,,,,,,default,,,,,,script=list-artifacts
success,1632418311,1.000000,,,,,,,,,default,,,,,,script=list-artifacts
data_sent,1632418311,0.000000,,,,,,,,,default,,,,,,script=list-artifacts
data_received,1632418311,0.000000,,,,,,,,,default,,,,,,script=list-artifacts
iteration_duration,1632418311,1750.376266,,,,,,,,,default,,,,,,script=list-artifacts
iterations,1632418311,1.000000,,,,,,,,,default,,,,,,script=list-artifacts
success,1632418311,1.000000,,,,,,,,,default,,,,,,script=list-artifacts
data_sent,1632418311,0.000000,,,,,,,,,default,,,,,,script=list-artifacts
data_received,1632418311,0.000000,,,,,,,,,default,,,,,,script=list-artifacts
iteration_duration,1632418311,1755.854785,,,,,,,,,default,,,,,,script=list-artifacts
iterations,1632418311,1.000000,,,,,,,,,default,,,,,,script=list-artifacts
success,1632418311,1.000000,,,,,,,,,default,,,,,,script=list-artifacts
data_sent,1632418311,0.000000,,,,,,,,,default,,,,,,script=list-artifacts
data_received,1632418311,0.000000,,,,,,,,,default,,,,,,script=list-artifacts
iteration_duration,1632418311,1764.670761,,,,,,,,,default,,,,,,script=list-artifacts
iterations,1632418311,1.000000,,,,,,,,,default,,,,,,script=list-artifacts
success,1632418311,1.000000,,,,,,,,,default,,,,,,script=list-artifacts
data_sent,1632418311,0.000000,,,,,,,,,default,,,,,,script=list-artifacts
data_received,1632418311,0.000000,,,,,,,,,default,,,,,,script=list-artifacts
iteration_duration,1632418311,1766.160185,,,,,,,,,default,,,,,,script=list-artifacts
iterations,1632418311,1.000000,,,,,,,,,default,,,,,,script=list-artifacts
success,1632418311,1.000000,,,,,,,,,default,,,,,,script=list-artifacts
data_sent,1632418311,0.000000,,,,,,,,,default,,,,,,script=list-artifacts
data_received,1632418311,0.000000,,,,,,,,,default,,,,,,script=list-artifacts
iteration_duration,1632418311,1766.672719,,,,,,,,,default,,,,,,script=list-artifacts
iterations,1632418311,1.000000,,,,,,,,,default,,,,,,script=list-artifacts
success,1632418311,1.000000,,,,,,,,,default,,,,,,script=list-artifacts
data_sent,1632418311,0.000000,,,,,,,,,default,,,,,,script=list-artifacts
data_received,1632418311,0.000000,,,,,,,,,default,,,,,,script=list-artifacts
iteration_duration,1632418311,1778.393343,,,,,,,,,default,,,,,,script=list-artifacts
iterations,1632418311,1.000000,,,,,,,,,default,,,,,,script=list-artifacts
success,1632418311,1.000000,,,,,,,,,default,,,,,,script=list-artifacts
data_sent,1632418311,0.000000,,,,,,,,,default,,,,,,script=list-artifacts
data_received,1632418311,0.000000,,,,,,,,,default,,,,,,script=list-artifacts
iteration_duration,1632418311,1782.382487,,,,,,,,,default,,,,,,script=list-artifacts
iterations,1632418311,1.000000,,,,,,,,,default,,,,,,script=list-artifacts
success,1632418311,1.000000,,,,,,,,,default,,,,,,script=list-artifacts
data_sent,1632418311,0.000000,,,,,,,,,default,,,,,,script=list-artifacts
data_received,1632418311,0.000000,,,,,,,,,default,,,,,,script=list-artifacts
iteration_duration,1632418311,1785.896773,,,,,,,,,default,,,,,,script=list-artifacts
iterations,1632418311,1.000000,,,,,,,,,default,,,,,,script=list-artifacts
success,1632418311,1.000000,,,,,,,,,default,,,,,,script=list-artifacts
data_sent,1632418311,0.000000,,,,,,,,,default,,,,,,script=list-artifacts
data_received,1632418311,0.000000,,,,,,,,,default,,,,,,script=list-artifacts
iteration_duration,1632418311,1794.972132,,,,,,,,,default,,,,,,script=list-artifacts
iterations,1632418311,1.000000,,,,,,,,,default,,,,,,script=list-artifacts
success,1632418311,1.000000,,,,,,,,,default,,,,,,script=list-artifacts
data_sent,1632418311,0.000000,,,,,,,,,default,,,,,,script=list-artifacts
data_received,1632418311,0.000000,,,,,,,,,default,,,,,,script=list-artifacts
iteration_duration,1632418311,1799.130896,,,,,,,,,default,,,,,,script=list-artifacts
iterations,1632418311,1.000000,,,,,,,,,default,,,,,,script=list-artifacts
success,1632418311,1.000000,,,,,,,,,default,,,,,,script=list-artifacts
data_sent,1632418311,0.000000,,,,,,,,,default,,,,,,script=list-artifacts
data_received,1632418311,0.000000,,,,,,,,,default,,,,,,script=list-artifacts
iteration_duration,1632418311,1810.740011,,,,,,,,,default,,,,,,script=list-artifacts
iterations,1632418311,1.000000,,,,,,,,,default,,,,,,script=list-artifacts
success,1632418311,1.000000,,,,,,,,,default,,,,,,script=list-artifacts
data_sent,1632418311,0.000000,,,,,,,,,default,,,,,,script=list-artifacts
data_received,1632418311,0.000000,,,,,,,,,default,,,,,,script=list-artifacts
iteration_duration,1632418311,1810.356744,,,,,,,,,default,,,,,,script=list-artifacts
iterations,1632418311,1.000000,,,,,,,,,default,,,,,,script=list-artifacts
success,1632418311,1.000000,,,,,,,,,default,,,,,,script=list-artifacts
data_sent,1632418311,0.000000,,,,,,,,,default,,,,,,script=list-artifacts
data_received,1632418311,0.000000,,,,,,,,,default,,,,,,script=list-artifacts
iteration_duration,1632418311,1811.477834,,,,,,,,,default,,,,,,script=list-artifacts
iterations,1632418311,1.000000,,,,,,,,,default,,,,,,script=list-artifacts
success,1632418311,1.000000,,,,,,,,,default,,,,,,script=list-artifacts
data_sent,1632418311,0.000000,,,,,,,,,default,,,,,,script=list-artifacts
data_received,1632418311,0.000000,,,,,,,,,default,,,,,,script=list-artifacts
iteration_duration,1632418311,1814.178270,,,,,,,,,default,,,,,,script=list-artifacts
iterations,1632418311,1.000000,,,,,,,,,default,,,,,,script=list-artifacts
success,1632418311,1.000000,,,,,,,,,default,,,,,,script=list-artifacts
data_sent,1632418311,0.000000,,,,,,,,,default,,,,,,script=list-artifacts
data_received,1632418311,0.000000,,,,,,,,,default,,,,,,script=list-artifacts
iteration_duration,1632418311,1817.986692,,,,,,,,,default,,,,,,script=list-artifacts
iterations,1632418311,1.000000,,,,,,,,,default,,,,,,script=list-artifacts
success,1632418311,1.000000,,,,,,,,,default,,,,,,script=list-artifacts
data_sent,1632418311,0.000000,,,,,,,,,default,,,,,,script=list-artifacts
data_received,1632418311,0.000000,,,,,,,,,default,,,,,,script=list-artifacts
iteration_duration,1632418311,1823.495972,,,,,,,,,default,,,,,,script=list-artifacts
iterations,1632418311,1.000000,,,,,,,,,default,,,,,,script=list-artifacts
success,1632418311,1.000000,,,,,,,,,default,,,,,,script=list-artifacts
data_sent,1632418311,0.000000,,,,,,,,,default,,,,,,script=list-artifacts
data_received,1632418311,0.000000,,,,,,,,,default,,,,,,script=list-artifacts
iteration_duration,1632418311,1823.700926,,,,,,,,,default,,,,,,script=list-artifacts
iterations,1632418311,1.000000,,,,,,,,,default,,,,,,script=list-artifacts
success,1632418311,1.000000,,,,,,,,,default,,,,,,script=list-artifacts
data_sent,1632418311,0.000000,,,,,,,,,default,,,,,,script=list-artifacts
data_received,1632418311,0.000000,,,,,,,,,default,,,,,,script=list-artifacts
iteration_duration,1632418311,1860.994386,,,,,,,,,default,,,,,,script=list-artifacts
iterations,1632418311,1.000000,,,,,,,,,default,,,,,,script=list-artifacts
success,1632418311,1.000000,,,,,,,,,default,,,,,,script=list-artifacts
data_sent,1632418311,0.000000,,,,,,,,,default,,,,,,script=list-artifacts
data_received,1632418311,0.000000,,,,,,,,,default,,,,,,script=list-artifacts
iteration_duration,1632418311,1871.293919,,,,,,,,,default,,,,,,script=list-artifacts
iterations,1632418311,1.000000,,,,,,,,,default,,,,,,script=list-artifacts
success,1632418311,1.000000,,,,,,,,,default,,,,,,script=list-artifacts
data_sent,1632418311,0.000000,,,,,,,,,default,,,,,,script=list-artifacts
data_received,1632418311,0.000000,,,,,,,,,default,,,,,,script=list-artifacts
iteration_duration,1632418311,1910.046050,,,,,,,,,default,,,,,,script=list-artifacts
iterations,1632418311,1.000000,,,,,,,,,default,,,,,,script=list-artifacts
success,1632418311,1.000000,,,,,,,,,default,,,,,,script=list-artifacts
data_sent,1632418311,0.000000,,,,,,,,,default,,,,,,script=list-artifacts
data_received,1632418311,0.000000,,,,,,,,,default,,,,,,script=list-artifacts
iteration_duration,1632418311,1914.448583,,,,,,,,,default,,,,,,script=list-artifacts
iterations,1632418311,1.000000,,,,,,,,,default,,,,,,script=list-artifacts
success,1632418311,1.000000,,,,,,,,,default,,,,,,script=list-artifacts
data_sent,1632418311,0.000000,,,,,,,,,default,,,,,,script=list-artifacts
data_received,1632418311,0.000000,,,,,,,,,default,,,,,,script=list-artifacts
iteration_duration,1632418311,1930.379360,,,,,,,,,default,,,,,,script=list-artifacts
iterations,1632418311,1.000000,,,,,,,,,default,,,,,,script=list-artifacts
success,1632418311,1.000000,,,,,,,,,default,,,,,,script=list-artifacts
data_sent,1632418311,0.000000,,,,,,,,,default,,,,,,script=list-artifacts
data_received,1632418311,0.000000,,,,,,,,,default,,,,,,script=list-artifacts
iteration_duration,1632418311,1938.096852,,,,,,,,,default,,,,,,script=list-artifacts
iterations,1632418311,1.000000,,,,,,,,,default,,,,,,script=list-artifacts
success,1632418311,1.000000,,,,,,,,,default,,,,,,script=list-artifacts
data_sent,1632418311,0.000000,,,,,,,,,default,,,,,,script=list-artifacts
data_received,1632418311,0.000000,,,,,,,,,default,,,,,,script=list-artifacts
iteration_duration,1632418311,1962.266053,,,,,,,,,default,,,,,,script=list-artifacts
iterations,1632418311,1.000000,,,,,,,,,default,,,,,,script=list-artifacts
success,1632418311,1.000000,,,,,,,,,default,,,,,,script=list-artifacts
data_sent,1632418311,0.000000,,,,,,,,,default,,,,,,script=list-artifacts
data_received,1632418311,0.000000,,,,,,,,,default,,,,,,script=list-artifacts
iteration_duration,1632418311,1978.175075,,,,,,,,,default,,,,,,script=list-artifacts
iterations,1632418311,1.000000,,,,,,,,,default,,,,,,script=list-artifacts
success,1632418311,1.000000,,,,,,,,,default,,,,,,script=list-artifacts
data_sent,1632418311,0.000000,,,,,,,,,default,,,,,,script=list-artifacts
data_received,1632418311,0.000000,,,,,,,,,default,,,,,,script=list-artifacts
iteration_duration,1632418311,1982.389978,,,,,,,,,default,,,,,,script=list-artifacts
iterations,1632418311,1.000000,,,,,,,,,default,,,,,,script=list-artifacts
vus,1632418311,100.000000,,,,,,,,,,,,,,,script=list-artifacts
vus_max,1632418311,100.000000,,,,,,,,,,,,,,,script=list-artifacts
success,1632418311,1.000000,,,,,,,,,default,,,,,,script=list-artifacts
data_sent,1632418311,0.000000,,,,,,,,,default,,,,,,script=list-artifacts
data_received,1632418311,0.000000,,,,,,,,,default,,,,,,script=list-artifacts
iteration_duration,1632418311,2038.752295,,,,,,,,,default,,,,,,script=list-artifacts
iterations,1632418311,1.000000,,,,,,,,,default,,,,,,script=list-artifacts
success,1632418311,1.000000,,,,,,,,,default,,,,,,script=list-artifacts
data_sent,1632418311,0.000000,,,,,,,,,default,,,,,,script=list-artifacts
data_received,1632418311,0.000000,,,,,,,,,default,,,,,,script=list-artifacts
iteration_duration,1632418311,2043.616141,,,,,,,,,default,,,,,,script=list-artifacts
iterations,1632418311,1.000000,,,,,,,,,default,,,,,,script=list-artifacts
success,1632418311,1.000000,,,,,,,,,default,,,,,,script=list-artifacts
data_sent,1632418311,0.000000,,,,,,,,,default,,,,,,script=list-artifacts
data_received,1632418311,0.000000,,,,,,,,,default,,,,,,script=list-artifacts
iteration_duration,1632418311,2081.411588,,,,,,,,,default,,,,,,script=list-artifacts
iterations,1632418311,1.000000,,,,,,,,,default,,,,,,script=list-artifacts
success,1632418311,1.000000,,,,,,,,,default,,,,,,script=list-artifacts
data_sent,1632418311,0.000000,,,,,,,,,default,,,,,,script=list-artifacts
data_received,1632418311,0.000000,,,,,,,,,default,,,,,,script=list-artifacts
iteration_duration,1632418311,2113.485574,,,,,,,,,default,,,,,,script=list-artifacts
iterations,1632418311,1.000000,,,,,,,,,default,,,,,,script=list-artifacts
success,1632418311,1.000000,,,,,,,,,default,,,,,,script=list-artifacts
data_sent,1632418311,0.000000,,,,,,,,,default,,,,,,script=list-artifacts
data_received,1632418311,0.000000,,,,,,,,,default,,,,,,script=list-artifacts
iteration_duration,1632418311,2126.739963,,,,,,,,,default,,,,,,script=list-artifacts
iterations,1632418311,1.000000,,,,,,,,,default,,,,,,script=list-artifacts
success,1632418311,1.000000,,,,,,,,,default,,,,,,script=list-artifacts
data_sent,1632418311,0.000000,,,,,,,,,default,,,,,,script=list-artifacts
data_received,1632418311,0.000000,,,,,,,,,default,,,,,,script=list-artifacts
iteration_duration,1632418311,2133.617889,,,,,,,,,default,,,,,,script=list-artifacts
iterations,1632418311,1.000000,,,,,,,,,default,,,,,,script=list-artifacts
success,1632418311,1.000000,,,,,,,,,default,,,,,,script=list-artifacts
data_sent,1632418311,0.000000,,,,,,,,,default,,,,,,script=list-artifacts
data_received,1632418311,0.000000,,,,,,,,,default,,,,,,script=list-artifacts
iteration_duration,1632418311,2165.522225,,,,,,,,,default,,,,,,script=list-artifacts
iterations,1632418311,1.000000,,,,,,,,,default,,,,,,script=list-artifacts
success,1632418312,1.000000,,,,,,,,,default,,,,,,script=list-artifacts
data_sent,1632418312,0.000000,,,,,,,,,default,,,,,,script=list-artifacts
data_received,1632418312,0.000000,,,,,,,,,default,,,,,,script=list-artifacts
iteration_duration,1632418312,2315.149147,,,,,,,,,default,,,,,,script=list-artifacts
iterations,1632418312,1.000000,,,,,,,,,default,,,,,,script=list-artifacts
success,1632418312,1.000000,,,,,,,,,default,,,,,,script=list-artifacts
data_sent,1632418312,0.000000,,,,,,,,,default,,,,,,script=list-artifacts
data_received,1632418312,0.000000,,,,,,,,,default,,,,,,script=list-artifacts
iteration_duration,1632418312,2341.716265,,,,,,,,,default,,,,,,script=list-artifacts
iterations,1632418312,1.000000,,,,,,,,,default,,,,,,script=list-artifacts
success,1632418312,1.000000,,,,,,,,,default,,,,,,script=list-artifacts
data_sent,1632418312,0.000000,,,,,,,,,default,,,,,,script=list-artifacts
data_received,1632418312,0.000000,,,,,,,,,default,,,,,,script=list-artifacts
iteration_duration,1632418312,2377.145274,,,,,,,,,default,,,,,,script=list-artifacts
iterations,1632418312,1.000000,,,,,,,,,default,,,,,,script=list-artifacts
success,1632418312,1.000000,,,,,,,,,default,,,,,,script=list-artifacts
data_sent,1632418312,0.000000,,,,,,,,,default,,,,,,script=list-artifacts
data_received,1632418312,0.000000,,,,,,,,,default,,,,,,script=list-artifacts
iteration_duration,1632418312,2510.630528,,,,,,,,,default,,,,,,script=list-artifacts
iterations,1632418312,1.000000,,,,,,,,,default,,,,,,script=list-artifacts
success,1632418312,1.000000,,,,,,,,,default,,,,,,script=list-artifacts
data_sent,1632418312,0.000000,,,,,,,,,default,,,,,,script=list-artifacts
data_received,1632418312,0.000000,,,,,,,,,default,,,,,,script=list-artifacts
iteration_duration,1632418312,1354.101018,,,,,,,,,default,,,,,,script=list-artifacts
iterations,1632418312,1.000000,,,,,,,,,default,,,,,,script=list-artifacts
success,1632418312,1.000000,,,,,,,,,default,,,,,,script=list-artifacts
data_sent,1632418312,0.000000,,,,,,,,,default,,,,,,script=list-artifacts
data_received,1632418312,0.000000,,,,,,,,,default,,,,,,script=list-artifacts
iteration_duration,1632418312,1367.238126,,,,,,,,,default,,,,,,script=list-artifacts
iterations,1632418312,1.000000,,,,,,,,,default,,,,,,script=list-artifacts
success,1632418312,1.000000,,,,,,,,,default,,,,,,script=list-artifacts
data_sent,1632418312,0.000000,,,,,,,,,default,,,,,,script=list-artifacts
data_received,1632418312,0.000000,,,,,,,,,default,,,,,,script=list-artifacts
iteration_duration,1632418312,1474.087693,,,,,,,,,default,,,,,,script=list-artifacts
iterations,1632418312,1.000000,,,,,,,,,default,,,,,,script=list-artifacts
success,1632418312,1.000000,,,,,,,,,default,,,,,,script=list-artifacts
data_sent,1632418312,0.000000,,,,,,,,,default,,,,,,script=list-artifacts
data_received,1632418312,0.000000,,,,,,,,,default,,,,,,script=list-artifacts
iteration_duration,1632418312,1333.346607,,,,,,,,,default,,,,,,script=list-artifacts
iterations,1632418312,1.000000,,,,,,,,,default,,,,,,script=list-artifacts
vus,1632418312,88.000000,,,,,,,,,,,,,,,script=list-artifacts
vus_max,1632418312,100.000000,,,,,,,,,,,,,,,script=list-artifacts
success,1632418312,1.000000,,,,,,,,,default,,,,,,script=list-artifacts
data_sent,1632418312,0.000000,,,,,,,,,default,,,,,,script=list-artifacts
data_received,1632418312,0.000000,,,,,,,,,default,,,,,,script=list-artifacts
iteration_duration,1632418312,1560.359587,,,,,,,,,default,,,,,,script=list-artifacts
iterations,1632418312,1.000000,,,,,,,,,default,,,,,,script=list-artifacts
success,1632418312,1.000000,,,,,,,,,default,,,,,,script=list-artifacts
data_sent,1632418312,0.000000,,,,,,,,,default,,,,,,script=list-artifacts
data_received,1632418312,0.000000,,,,,,,,,default,,,,,,script=list-artifacts
iteration_duration,1632418312,1343.780689,,,,,,,,,default,,,,,,script=list-artifacts
iterations,1632418312,1.000000,,,,,,,,,default,,,,,,script=list-artifacts
success,1632418312,1.000000,,,,,,,,,default,,,,,,script=list-artifacts
data_sent,1632418312,0.000000,,,,,,,,,default,,,,,,script=list-artifacts
data_received,1632418312,0.000000,,,,,,,,,default,,,,,,script=list-artifacts
iteration_duration,1632418312,1467.186477,,,,,,,,,default,,,,,,script=list-artifacts
iterations,1632418312,1.000000,,,,,,,,,default,,,,,,script=list-artifacts
success,1632418312,1.000000,,,,,,,,,default,,,,,,script=list-artifacts
data_sent,1632418312,0.000000,,,,,,,,,default,,,,,,script=list-artifacts
data_received,1632418312,0.000000,,,,,,,,,default,,,,,,script=list-artifacts
iteration_duration,1632418312,1395.798596,,,,,,,,,default,,,,,,script=list-artifacts
iterations,1632418312,1.000000,,,,,,,,,default,,,,,,script=list-artifacts
success,1632418312,1.000000,,,,,,,,,default,,,,,,script=list-artifacts
data_sent,1632418312,0.000000,,,,,,,,,default,,,,,,script=list-artifacts
data_received,1632418312,0.000000,,,,,,,,,default,,,,,,script=list-artifacts
iteration_duration,1632418312,1335.576897,,,,,,,,,default,,,,,,script=list-artifacts
iterations,1632418312,1.000000,,,,,,,,,default,,,,,,script=list-artifacts
success,1632418312,1.000000,,,,,,,,,default,,,,,,script=list-artifacts
data_sent,1632418312,0.000000,,,,,,,,,default,,,,,,script=list-artifacts
data_received,1632418312,0.000000,,,,,,,,,default,,,,,,script=list-artifacts
iteration_duration,1632418312,1450.765007,,,,,,,,,default,,,,,,script=list-artifacts
iterations,1632418312,1.000000,,,,,,,,,default,,,,,,script=list-artifacts
success,1632418312,1.000000,,,,,,,,,default,,,,,,script=list-artifacts
data_sent,1632418312,0.000000,,,,,,,,,default,,,,,,script=list-artifacts
data_received,1632418312,0.000000,,,,,,,,,default,,,,,,script=list-artifacts
iteration_duration,1632418312,1292.046954,,,,,,,,,default,,,,,,script=list-artifacts
iterations,1632418312,1.000000,,,,,,,,,default,,,,,,script=list-artifacts
success,1632418312,1.000000,,,,,,,,,default,,,,,,script=list-artifacts
data_sent,1632418312,0.000000,,,,,,,,,default,,,,,,script=list-artifacts
data_received,1632418312,0.000000,,,,,,,,,default,,,,,,script=list-artifacts
iteration_duration,1632418312,1509.507627,,,,,,,,,default,,,,,,script=list-artifacts
iterations,1632418312,1.000000,,,,,,,,,default,,,,,,script=list-artifacts
success,1632418312,1.000000,,,,,,,,,default,,,,,,script=list-artifacts
data_sent,1632418312,0.000000,,,,,,,,,default,,,,,,script=list-artifacts
data_received,1632418312,0.000000,,,,,,,,,default,,,,,,script=list-artifacts
iteration_duration,1632418312,1413.421375,,,,,,,,,default,,,,,,script=list-artifacts
iterations,1632418312,1.000000,,,,,,,,,default,,,,,,script=list-artifacts
success,1632418312,1.000000,,,,,,,,,default,,,,,,script=list-artifacts
data_sent,1632418312,0.000000,,,,,,,,,default,,,,,,script=list-artifacts
data_received,1632418312,0.000000,,,,,,,,,default,,,,,,script=list-artifacts
iteration_duration,1632418312,1335.182134,,,,,,,,,default,,,,,,script=list-artifacts
iterations,1632418312,1.000000,,,,,,,,,default,,,,,,script=list-artifacts
success,1632418312,1.000000,,,,,,,,,default,,,,,,script=list-artifacts
data_sent,1632418312,0.000000,,,,,,,,,default,,,,,,script=list-artifacts
data_received,1632418312,0.000000,,,,,,,,,default,,,,,,script=list-artifacts
iteration_duration,1632418312,1396.859774,,,,,,,,,default,,,,,,script=list-artifacts
iterations,1632418312,1.000000,,,,,,,,,default,,,,,,script=list-artifacts
success,1632418312,1.000000,,,,,,,,,default,,,,,,script=list-artifacts
data_sent,1632418312,0.000000,,,,,,,,,default,,,,,,script=list-artifacts
data_received,1632418312,0.000000,,,,,,,,,default,,,,,,script=list-artifacts
iteration_duration,1632418312,1550.403763,,,,,,,,,default,,,,,,script=list-artifacts
iterations,1632418312,1.000000,,,,,,,,,default,,,,,,script=list-artifacts
success,1632418312,1.000000,,,,,,,,,default,,,,,,script=list-artifacts
data_sent,1632418312,0.000000,,,,,,,,,default,,,,,,script=list-artifacts
data_received,1632418312,0.000000,,,,,,,,,default,,,,,,script=list-artifacts
iteration_duration,1632418312,1471.334671,,,,,,,,,default,,,,,,script=list-artifacts
iterations,1632418312,1.000000,,,,,,,,,default,,,,,,script=list-artifacts
success,1632418312,1.000000,,,,,,,,,default,,,,,,script=list-artifacts
data_sent,1632418312,0.000000,,,,,,,,,default,,,,,,script=list-artifacts
data_received,1632418312,0.000000,,,,,,,,,default,,,,,,script=list-artifacts
iteration_duration,1632418312,1447.721767,,,,,,,,,default,,,,,,script=list-artifacts
iterations,1632418312,1.000000,,,,,,,,,default,,,,,,script=list-artifacts
success,1632418312,1.000000,,,,,,,,,default,,,,,,script=list-artifacts
data_sent,1632418312,0.000000,,,,,,,,,default,,,,,,script=list-artifacts
data_received,1632418312,0.000000,,,,,,,,,default,,,,,,script=list-artifacts
iteration_duration,1632418312,1461.430730,,,,,,,,,default,,,,,,script=list-artifacts
iterations,1632418312,1.000000,,,,,,,,,default,,,,,,script=list-artifacts
success,1632418312,1.000000,,,,,,,,,default,,,,,,script=list-artifacts
data_sent,1632418312,0.000000,,,,,,,,,default,,,,,,script=list-artifacts
data_received,1632418312,0.000000,,,,,,,,,default,,,,,,script=list-artifacts
iteration_duration,1632418312,1387.425344,,,,,,,,,default,,,,,,script=list-artifacts
iterations,1632418312,1.000000,,,,,,,,,default,,,,,,script=list-artifacts
success,1632418312,1.000000,,,,,,,,,default,,,,,,script=list-artifacts
data_sent,1632418312,0.000000,,,,,,,,,default,,,,,,script=list-artifacts
data_received,1632418312,0.000000,,,,,,,,,default,,,,,,script=list-artifacts
iteration_duration,1632418312,1466.710864,,,,,,,,,default,,,,,,script=list-artifacts
iterations,1632418312,1.000000,,,,,,,,,default,,,,,,script=list-artifacts
success,1632418312,1.000000,,,,,,,,,default,,,,,,script=list-artifacts
data_sent,1632418312,0.000000,,,,,,,,,default,,,,,,script=list-artifacts
data_received,1632418312,0.000000,,,,,,,,,default,,,,,,script=list-artifacts
iteration_duration,1632418312,1467.615257,,,,,,,,,default,,,,,,script=list-artifacts
iterations,1632418312,1.000000,,,,,,,,,default,,,,,,script=list-artifacts
success,1632418312,1.000000,,,,,,,,,default,,,,,,script=list-artifacts
data_sent,1632418312,0.000000,,,,,,,,,default,,,,,,script=list-artifacts
data_received,1632418312,0.000000,,,,,,,,,default,,,,,,script=list-artifacts
iteration_duration,1632418312,1492.234250,,,,,,,,,default,,,,,,script=list-artifacts
iterations,1632418312,1.000000,,,,,,,,,default,,,,,,script=list-artifacts
success,1632418312,1.000000,,,,,,,,,default,,,,,,script=list-artifacts
data_sent,1632418312,0.000000,,,,,,,,,default,,,,,,script=list-artifacts
data_received,1632418312,0.000000,,,,,,,,,default,,,,,,script=list-artifacts
iteration_duration,1632418312,1428.027524,,,,,,,,,default,,,,,,script=list-artifacts
iterations,1632418312,1.000000,,,,,,,,,default,,,,,,script=list-artifacts
success,1632418312,1.000000,,,,,,,,,default,,,,,,script=list-artifacts
data_sent,1632418312,0.000000,,,,,,,,,default,,,,,,script=list-artifacts
data_received,1632418312,0.000000,,,,,,,,,default,,,,,,script=list-artifacts
iteration_duration,1632418312,1426.672621,,,,,,,,,default,,,,,,script=list-artifacts
iterations,1632418312,1.000000,,,,,,,,,default,,,,,,script=list-artifacts
success,1632418312,1.000000,,,,,,,,,default,,,,,,script=list-artifacts
data_sent,1632418312,0.000000,,,,,,,,,default,,,,,,script=list-artifacts
data_received,1632418312,0.000000,,,,,,,,,default,,,,,,script=list-artifacts
iteration_duration,1632418312,1494.144565,,,,,,,,,default,,,,,,script=list-artifacts
iterations,1632418312,1.000000,,,,,,,,,default,,,,,,script=list-artifacts
success,1632418312,1.000000,,,,,,,,,default,,,,,,script=list-artifacts
data_sent,1632418312,0.000000,,,,,,,,,default,,,,,,script=list-artifacts
data_received,1632418312,0.000000,,,,,,,,,default,,,,,,script=list-artifacts
iteration_duration,1632418312,1491.500642,,,,,,,,,default,,,,,,script=list-artifacts
iterations,1632418312,1.000000,,,,,,,,,default,,,,,,script=list-artifacts
success,1632418312,1.000000,,,,,,,,,default,,,,,,script=list-artifacts
data_sent,1632418312,0.000000,,,,,,,,,default,,,,,,script=list-artifacts
data_received,1632418312,0.000000,,,,,,,,,default,,,,,,script=list-artifacts
iteration_duration,1632418312,1484.017248,,,,,,,,,default,,,,,,script=list-artifacts
iterations,1632418312,1.000000,,,,,,,,,default,,,,,,script=list-artifacts
success,1632418312,1.000000,,,,,,,,,default,,,,,,script=list-artifacts
data_sent,1632418312,0.000000,,,,,,,,,default,,,,,,script=list-artifacts
data_received,1632418312,0.000000,,,,,,,,,default,,,,,,script=list-artifacts
iteration_duration,1632418312,1476.036771,,,,,,,,,default,,,,,,script=list-artifacts
iterations,1632418312,1.000000,,,,,,,,,default,,,,,,script=list-artifacts
success,1632418312,1.000000,,,,,,,,,default,,,,,,script=list-artifacts
data_sent,1632418312,0.000000,,,,,,,,,default,,,,,,script=list-artifacts
data_received,1632418312,0.000000,,,,,,,,,default,,,,,,script=list-artifacts
iteration_duration,1632418312,1437.784920,,,,,,,,,default,,,,,,script=list-artifacts
iterations,1632418312,1.000000,,,,,,,,,default,,,,,,script=list-artifacts
success,1632418312,1.000000,,,,,,,,,default,,,,,,script=list-artifacts
data_sent,1632418312,0.000000,,,,,,,,,default,,,,,,script=list-artifacts
data_received,1632418312,0.000000,,,,,,,,,default,,,,,,script=list-artifacts
iteration_duration,1632418312,1279.415265,,,,,,,,,default,,,,,,script=list-artifacts
iterations,1632418312,1.000000,,,,,,,,,default,,,,,,script=list-artifacts
success,1632418312,1.000000,,,,,,,,,default,,,,,,script=list-artifacts
data_sent,1632418312,0.000000,,,,,,,,,default,,,,,,script=list-artifacts
data_received,1632418312,0.000000,,,,,,,,,default,,,,,,script=list-artifacts
iteration_duration,1632418312,1514.966874,,,,,,,,,default,,,,,,script=list-artifacts
iterations,1632418312,1.000000,,,,,,,,,default,,,,,,script=list-artifacts
success,1632418312,1.000000,,,,,,,,,default,,,,,,script=list-artifacts
data_sent,1632418312,0.000000,,,,,,,,,default,,,,,,script=list-artifacts
data_received,1632418312,0.000000,,,,,,,,,default,,,,,,script=list-artifacts
iteration_duration,1632418312,1457.325464,,,,,,,,,default,,,,,,script=list-artifacts
iterations,1632418312,1.000000,,,,,,,,,default,,,,,,script=list-artifacts
success,1632418312,1.000000,,,,,,,,,default,,,,,,script=list-artifacts
data_sent,1632418312,0.000000,,,,,,,,,default,,,,,,script=list-artifacts
data_received,1632418312,0.000000,,,,,,,,,default,,,,,,script=list-artifacts
iteration_duration,1632418312,1244.944914,,,,,,,,,default,,,,,,script=list-artifacts
iterations,1632418312,1.000000,,,,,,,,,default,,,,,,script=list-artifacts
success,1632418312,1.000000,,,,,,,,,default,,,,,,script=list-artifacts
data_sent,1632418312,0.000000,,,,,,,,,default,,,,,,script=list-artifacts
data_received,1632418312,0.000000,,,,,,,,,default,,,,,,script=list-artifacts
iteration_duration,1632418312,1378.100339,,,,,,,,,default,,,,,,script=list-artifacts
iterations,1632418312,1.000000,,,,,,,,,default,,,,,,script=list-artifacts
success,1632418312,1.000000,,,,,,,,,default,,,,,,script=list-artifacts
data_sent,1632418312,0.000000,,,,,,,,,default,,,,,,script=list-artifacts
data_received,1632418312,0.000000,,,,,,,,,default,,,,,,script=list-artifacts
iteration_duration,1632418312,1464.031261,,,,,,,,,default,,,,,,script=list-artifacts
iterations,1632418312,1.000000,,,,,,,,,default,,,,,,script=list-artifacts
success,1632418312,1.000000,,,,,,,,,default,,,,,,script=list-artifacts
data_sent,1632418312,0.000000,,,,,,,,,default,,,,,,script=list-artifacts
data_received,1632418312,0.000000,,,,,,,,,default,,,,,,script=list-artifacts
iteration_duration,1632418312,1580.892166,,,,,,,,,default,,,,,,script=list-artifacts
iterations,1632418312,1.000000,,,,,,,,,default,,,,,,script=list-artifacts
success,1632418312,1.000000,,,,,,,,,default,,,,,,script=list-artifacts
data_sent,1632418312,0.000000,,,,,,,,,default,,,,,,script=list-artifacts
data_received,1632418312,0.000000,,,,,,,,,default,,,,,,script=list-artifacts
iteration_duration,1632418312,1268.064342,,,,,,,,,default,,,,,,script=list-artifacts
iterations,1632418312,1.000000,,,,,,,,,default,,,,,,script=list-artifacts
success,1632418312,1.000000,,,,,,,,,default,,,,,,script=list-artifacts
data_sent,1632418312,0.000000,,,,,,,,,default,,,,,,script=list-artifacts
data_received,1632418312,0.000000,,,,,,,,,default,,,,,,script=list-artifacts
iteration_duration,1632418312,1475.264492,,,,,,,,,default,,,,,,script=list-artifacts
iterations,1632418312,1.000000,,,,,,,,,default,,,,,,script=list-artifacts
success,1632418312,1.000000,,,,,,,,,default,,,,,,script=list-artifacts
data_sent,1632418312,0.000000,,,,,,,,,default,,,,,,script=list-artifacts
data_received,1632418312,0.000000,,,,,,,,,default,,,,,,script=list-artifacts
iteration_duration,1632418312,1485.511367,,,,,,,,,default,,,,,,script=list-artifacts
iterations,1632418312,1.000000,,,,,,,,,default,,,,,,script=list-artifacts
success,1632418312,1.000000,,,,,,,,,default,,,,,,script=list-artifacts
data_sent,1632418312,0.000000,,,,,,,,,default,,,,,,script=list-artifacts
data_received,1632418312,0.000000,,,,,,,,,default,,,,,,script=list-artifacts
iteration_duration,1632418312,1459.901739,,,,,,,,,default,,,,,,script=list-artifacts
iterations,1632418312,1.000000,,,,,,,,,default,,,,,,script=list-artifacts
success,1632418312,1.000000,,,,,,,,,default,,,,,,script=list-artifacts
data_sent,1632418312,0.000000,,,,,,,,,default,,,,,,script=list-artifacts
data_received,1632418312,0.000000,,,,,,,,,default,,,,,,script=list-artifacts
iteration_duration,1632418312,1206.240316,,,,,,,,,default,,,,,,script=list-artifacts
iterations,1632418312,1.000000,,,,,,,,,default,,,,,,script=list-artifacts
success,1632418312,1.000000,,,,,,,,,default,,,,,,script=list-artifacts
data_sent,1632418312,0.000000,,,,,,,,,default,,,,,,script=list-artifacts
data_received,1632418312,0.000000,,,,,,,,,default,,,,,,script=list-artifacts
iteration_duration,1632418312,1349.620909,,,,,,,,,default,,,,,,script=list-artifacts
iterations,1632418312,1.000000,,,,,,,,,default,,,,,,script=list-artifacts
success,1632418312,1.000000,,,,,,,,,default,,,,,,script=list-artifacts
data_sent,1632418312,0.000000,,,,,,,,,default,,,,,,script=list-artifacts
data_received,1632418312,0.000000,,,,,,,,,default,,,,,,script=list-artifacts
iteration_duration,1632418312,1518.516502,,,,,,,,,default,,,,,,script=list-artifacts
iterations,1632418312,1.000000,,,,,,,,,default,,,,,,script=list-artifacts
success,1632418312,1.000000,,,,,,,,,default,,,,,,script=list-artifacts
data_sent,1632418312,0.000000,,,,,,,,,default,,,,,,script=list-artifacts
data_received,1632418312,0.000000,,,,,,,,,default,,,,,,script=list-artifacts
iteration_duration,1632418312,1247.190169,,,,,,,,,default,,,,,,script=list-artifacts
iterations,1632418312,1.000000,,,,,,,,,default,,,,,,script=list-artifacts
success,1632418312,1.000000,,,,,,,,,default,,,,,,script=list-artifacts
data_sent,1632418312,0.000000,,,,,,,,,default,,,,,,script=list-artifacts
data_received,1632418312,0.000000,,,,,,,,,default,,,,,,script=list-artifacts
iteration_duration,1632418312,1432.623477,,,,,,,,,default,,,,,,script=list-artifacts
iterations,1632418312,1.000000,,,,,,,,,default,,,,,,script=list-artifacts
success,1632418312,1.000000,,,,,,,,,default,,,,,,script=list-artifacts
data_sent,1632418312,0.000000,,,,,,,,,default,,,,,,script=list-artifacts
data_received,1632418312,0.000000,,,,,,,,,default,,,,,,script=list-artifacts
iteration_duration,1632418312,1285.109723,,,,,,,,,default,,,,,,script=list-artifacts
iterations,1632418312,1.000000,,,,,,,,,default,,,,,,script=list-artifacts
success,1632418312,1.000000,,,,,,,,,default,,,,,,script=list-artifacts
data_sent,1632418312,0.000000,,,,,,,,,default,,,,,,script=list-artifacts
data_received,1632418312,0.000000,,,,,,,,,default,,,,,,script=list-artifacts
iteration_duration,1632418312,1570.053595,,,,,,,,,default,,,,,,script=list-artifacts
iterations,1632418312,1.000000,,,,,,,,,default,,,,,,script=list-artifacts
success,1632418312,1.000000,,,,,,,,,default,,,,,,script=list-artifacts
data_sent,1632418312,0.000000,,,,,,,,,default,,,,,,script=list-artifacts
data_received,1632418312,0.000000,,,,,,,,,default,,,,,,script=list-artifacts
iteration_duration,1632418312,1327.512803,,,,,,,,,default,,,,,,script=list-artifacts
iterations,1632418312,1.000000,,,,,,,,,default,,,,,,script=list-artifacts
success,1632418312,1.000000,,,,,,,,,default,,,,,,script=list-artifacts
data_sent,1632418312,0.000000,,,,,,,,,default,,,,,,script=list-artifacts
data_received,1632418312,0.000000,,,,,,,,,default,,,,,,script=list-artifacts
iteration_duration,1632418312,1257.512704,,,,,,,,,default,,,,,,script=list-artifacts
iterations,1632418312,1.000000,,,,,,,,,default,,,,,,script=list-artifacts
success,1632418312,1.000000,,,,,,,,,default,,,,,,script=list-artifacts
data_sent,1632418312,0.000000,,,,,,,,,default,,,,,,script=list-artifacts
data_received,1632418312,0.000000,,,,,,,,,default,,,,,,script=list-artifacts
iteration_duration,1632418312,1298.874821,,,,,,,,,default,,,,,,script=list-artifacts
iterations,1632418312,1.000000,,,,,,,,,default,,,,,,script=list-artifacts
success,1632418312,1.000000,,,,,,,,,default,,,,,,script=list-artifacts
data_sent,1632418312,0.000000,,,,,,,,,default,,,,,,script=list-artifacts
data_received,1632418312,0.000000,,,,,,,,,default,,,,,,script=list-artifacts
iteration_duration,1632418312,1500.660103,,,,,,,,,default,,,,,,script=list-artifacts
iterations,1632418312,1.000000,,,,,,,,,default,,,,,,script=list-artifacts
success,1632418312,1.000000,,,,,,,,,default,,,,,,script=list-artifacts
data_sent,1632418312,0.000000,,,,,,,,,default,,,,,,script=list-artifacts
data_received,1632418312,0.000000,,,,,,,,,default,,,,,,script=list-artifacts
iteration_duration,1632418312,1166.222673,,,,,,,,,default,,,,,,script=list-artifacts
iterations,1632418312,1.000000,,,,,,,,,default,,,,,,script=list-artifacts
success,1632418312,1.000000,,,,,,,,,default,,,,,,script=list-artifacts
data_sent,1632418312,0.000000,,,,,,,,,default,,,,,,script=list-artifacts
data_received,1632418312,0.000000,,,,,,,,,default,,,,,,script=list-artifacts
iteration_duration,1632418312,1120.618501,,,,,,,,,default,,,,,,script=list-artifacts
iterations,1632418312,1.000000,,,,,,,,,default,,,,,,script=list-artifacts
success,1632418312,1.000000,,,,,,,,,default,,,,,,script=list-artifacts
data_sent,1632418312,0.000000,,,,,,,,,default,,,,,,script=list-artifacts
data_received,1632418312,0.000000,,,,,,,,,default,,,,,,script=list-artifacts
iteration_duration,1632418312,1571.578723,,,,,,,,,default,,,,,,script=list-artifacts
iterations,1632418312,1.000000,,,,,,,,,default,,,,,,script=list-artifacts
success,1632418312,1.000000,,,,,,,,,default,,,,,,script=list-artifacts
data_sent,1632418312,0.000000,,,,,,,,,default,,,,,,script=list-artifacts
data_received,1632418312,0.000000,,,,,,,,,default,,,,,,script=list-artifacts
iteration_duration,1632418312,1406.207388,,,,,,,,,default,,,,,,script=list-artifacts
iterations,1632418312,1.000000,,,,,,,,,default,,,,,,script=list-artifacts
success,1632418312,1.000000,,,,,,,,,default,,,,,,script=list-artifacts
data_sent,1632418312,0.000000,,,,,,,,,default,,,,,,script=list-artifacts
data_received,1632418312,0.000000,,,,,,,,,default,,,,,,script=list-artifacts
iteration_duration,1632418312,1426.526746,,,,,,,,,default,,,,,,script=list-artifacts
iterations,1632418312,1.000000,,,,,,,,,default,,,,,,script=list-artifacts
success,1632418312,1.000000,,,,,,,,,default,,,,,,script=list-artifacts
data_sent,1632418312,0.000000,,,,,,,,,default,,,,,,script=list-artifacts
data_received,1632418312,0.000000,,,,,,,,,default,,,,,,script=list-artifacts
iteration_duration,1632418312,923.121702,,,,,,,,,default,,,,,,script=list-artifacts
iterations,1632418312,1.000000,,,,,,,,,default,,,,,,script=list-artifacts
success,1632418312,1.000000,,,,,,,,,default,,,,,,script=list-artifacts
data_sent,1632418312,0.000000,,,,,,,,,default,,,,,,script=list-artifacts
data_received,1632418312,0.000000,,,,,,,,,default,,,,,,script=list-artifacts
iteration_duration,1632418312,1480.000184,,,,,,,,,default,,,,,,script=list-artifacts
iterations,1632418312,1.000000,,,,,,,,,default,,,,,,script=list-artifacts
success,1632418312,1.000000,,,,,,,,,default,,,,,,script=list-artifacts
data_sent,1632418312,0.000000,,,,,,,,,default,,,,,,script=list-artifacts
data_received,1632418312,0.000000,,,,,,,,,default,,,,,,script=list-artifacts
iteration_duration,1632418312,711.827807,,,,,,,,,default,,,,,,script=list-artifacts
iterations,1632418312,1.000000,,,,,,,,,default,,,,,,script=list-artifacts
success,1632418312,1.000000,,,,,,,,,default,,,,,,script=list-artifacts
data_sent,1632418312,0.000000,,,,,,,,,default,,,,,,script=list-artifacts
data_received,1632418312,0.000000,,,,,,,,,default,,,,,,script=list-artifacts
iteration_duration,1632418312,975.935036,,,,,,,,,default,,,,,,script=list-artifacts
iterations,1632418312,1.000000,,,,,,,,,default,,,,,,script=list-artifacts
success,1632418312,1.000000,,,,,,,,,default,,,,,,script=list-artifacts
data_sent,1632418312,0.000000,,,,,,,,,default,,,,,,script=list-artifacts
data_received,1632418312,0.000000,,,,,,,,,default,,,,,,script=list-artifacts
iteration_duration,1632418312,1420.502067,,,,,,,,,default,,,,,,script=list-artifacts
iterations,1632418312,1.000000,,,,,,,,,default,,,,,,script=list-artifacts
success,1632418312,1.000000,,,,,,,,,default,,,,,,script=list-artifacts
data_sent,1632418312,0.000000,,,,,,,,,default,,,,,,script=list-artifacts
data_received,1632418312,0.000000,,,,,,,,,default,,,,,,script=list-artifacts
iteration_duration,1632418312,1397.878891,,,,,,,,,default,,,,,,script=list-artifacts
iterations,1632418312,1.000000,,,,,,,,,default,,,,,,script=list-artifacts
success,1632418312,1.000000,,,,,,,,,default,,,,,,script=list-artifacts
data_sent,1632418312,0.000000,,,,,,,,,default,,,,,,script=list-artifacts
data_received,1632418312,0.000000,,,,,,,,,default,,,,,,script=list-artifacts
iteration_duration,1632418312,1467.683566,,,,,,,,,default,,,,,,script=list-artifacts
iterations,1632418312,1.000000,,,,,,,,,default,,,,,,script=list-artifacts
success,1632418312,1.000000,,,,,,,,,default,,,,,,script=list-artifacts
data_sent,1632418312,0.000000,,,,,,,,,default,,,,,,script=list-artifacts
data_received,1632418312,0.000000,,,,,,,,,default,,,,,,script=list-artifacts
iteration_duration,1632418312,1445.706542,,,,,,,,,default,,,,,,script=list-artifacts
iterations,1632418312,1.000000,,,,,,,,,default,,,,,,script=list-artifacts
success,1632418312,1.000000,,,,,,,,,default,,,,,,script=list-artifacts
data_sent,1632418312,0.000000,,,,,,,,,default,,,,,,script=list-artifacts
data_received,1632418312,0.000000,,,,,,,,,default,,,,,,script=list-artifacts
iteration_duration,1632418312,965.861269,,,,,,,,,default,,,,,,script=list-artifacts
iterations,1632418312,1.000000,,,,,,,,,default,,,,,,script=list-artifacts
success,1632418312,1.000000,,,,,,,,,default,,,,,,script=list-artifacts
data_sent,1632418312,0.000000,,,,,,,,,default,,,,,,script=list-artifacts
data_received,1632418312,0.000000,,,,,,,,,default,,,,,,script=list-artifacts
iteration_duration,1632418312,1112.199550,,,,,,,,,default,,,,,,script=list-artifacts
iterations,1632418312,1.000000,,,,,,,,,default,,,,,,script=list-artifacts
success,1632418312,1.000000,,,,,,,,,default,,,,,,script=list-artifacts
data_sent,1632418312,0.000000,,,,,,,,,default,,,,,,script=list-artifacts
data_received,1632418312,0.000000,,,,,,,,,default,,,,,,script=list-artifacts
iteration_duration,1632418312,1118.084768,,,,,,,,,default,,,,,,script=list-artifacts
iterations,1632418312,1.000000,,,,,,,,,default,,,,,,script=list-artifacts
success,1632418312,1.000000,,,,,,,,,default,,,,,,script=list-artifacts
data_sent,1632418312,0.000000,,,,,,,,,default,,,,,,script=list-artifacts
data_received,1632418312,0.000000,,,,,,,,,default,,,,,,script=list-artifacts
iteration_duration,1632418312,1558.980437,,,,,,,,,default,,,,,,script=list-artifacts
iterations,1632418312,1.000000,,,,,,,,,default,,,,,,script=list-artifacts
success,1632418312,1.000000,,,,,,,,,default,,,,,,script=list-artifacts
data_sent,1632418312,0.000000,,,,,,,,,default,,,,,,script=list-artifacts
data_received,1632418312,0.000000,,,,,,,,,default,,,,,,script=list-artifacts
iteration_duration,1632418312,1059.263976,,,,,,,,,default,,,,,,script=list-artifacts
iterations,1632418312,1.000000,,,,,,,,,default,,,,,,script=list-artifacts
success,1632418312,1.000000,,,,,,,,,default,,,,,,script=list-artifacts
data_sent,1632418312,0.000000,,,,,,,,,default,,,,,,script=list-artifacts
data_received,1632418312,0.000000,,,,,,,,,default,,,,,,script=list-artifacts
iteration_duration,1632418312,1347.892934,,,,,,,,,default,,,,,,script=list-artifacts
iterations,1632418312,1.000000,,,,,,,,,default,,,,,,script=list-artifacts
success,1632418312,1.000000,,,,,,,,,default,,,,,,script=list-artifacts
data_sent,1632418312,0.000000,,,,,,,,,default,,,,,,script=list-artifacts
data_received,1632418312,0.000000,,,,,,,,,default,,,,,,script=list-artifacts
iteration_duration,1632418312,1365.146848,,,,,,,,,default,,,,,,script=list-artifacts
iterations,1632418312,1.000000,,,,,,,,,default,,,,,,script=list-artifacts
success,1632418312,1.000000,,,,,,,,,default,,,,,,script=list-artifacts
data_sent,1632418312,0.000000,,,,,,,,,default,,,,,,script=list-artifacts
data_received,1632418312,0.000000,,,,,,,,,default,,,,,,script=list-artifacts
iteration_duration,1632418312,1289.607837,,,,,,,,,default,,,,,,script=list-artifacts
iterations,1632418312,1.000000,,,,,,,,,default,,,,,,script=list-artifacts
success,1632418312,1.000000,,,,,,,,,default,,,,,,script=list-artifacts
data_sent,1632418312,0.000000,,,,,,,,,default,,,,,,script=list-artifacts
data_received,1632418312,0.000000,,,,,,,,,default,,,,,,script=list-artifacts
iteration_duration,1632418312,1459.911418,,,,,,,,,default,,,,,,script=list-artifacts
iterations,1632418312,1.000000,,,,,,,,,default,,,,,,script=list-artifacts
success,1632418312,1.000000,,,,,,,,,default,,,,,,script=list-artifacts
data_sent,1632418312,0.000000,,,,,,,,,default,,,,,,script=list-artifacts
data_received,1632418312,0.000000,,,,,,,,,default,,,,,,script=list-artifacts
iteration_duration,1632418312,1304.806563,,,,,,,,,default,,,,,,script=list-artifacts
iterations,1632418312,1.000000,,,,,,,,,default,,,,,,script=list-artifacts
success,1632418312,1.000000,,,,,,,,,default,,,,,,script=list-artifacts
data_sent,1632418312,0.000000,,,,,,,,,default,,,,,,script=list-artifacts
data_received,1632418312,0.000000,,,,,,,,,default,,,,,,script=list-artifacts
iteration_duration,1632418312,1376.585324,,,,,,,,,default,,,,,,script=list-artifacts
iterations,1632418312,1.000000,,,,,,,,,default,,,,,,script=list-artifacts
success,1632418312,1.000000,,,,,,,,,default,,,,,,script=list-artifacts
data_sent,1632418312,0.000000,,,,,,,,,default,,,,,,script=list-artifacts
data_received,1632418312,0.000000,,,,,,,,,default,,,,,,script=list-artifacts
iteration_duration,1632418312,1535.062393,,,,,,,,,default,,,,,,script=list-artifacts
iterations,1632418312,1.000000,,,,,,,,,default,,,,,,script=list-artifacts
success,1632418312,1.000000,,,,,,,,,default,,,,,,script=list-artifacts
data_sent,1632418312,0.000000,,,,,,,,,default,,,,,,script=list-artifacts
data_received,1632418312,0.000000,,,,,,,,,default,,,,,,script=list-artifacts
iteration_duration,1632418312,1516.322657,,,,,,,,,default,,,,,,script=list-artifacts
iterations,1632418312,1.000000,,,,,,,,,default,,,,,,script=list-artifacts
success,1632418312,1.000000,,,,,,,,,default,,,,,,script=list-artifacts
data_sent,1632418312,0.000000,,,,,,,,,default,,,,,,script=list-artifacts
data_received,1632418312,0.000000,,,,,,,,,default,,,,,,script=list-artifacts
iteration_duration,1632418312,1342.660255,,,,,,,,,default,,,,,,script=list-artifacts
iterations,1632418312,1.000000,,,,,,,,,default,,,,,,script=list-artifacts
success,1632418312,1.000000,,,,,,,,,default,,,,,,script=list-artifacts
data_sent,1632418312,0.000000,,,,,,,,,default,,,,,,script=list-artifacts
data_received,1632418312,0.000000,,,,,,,,,default,,,,,,script=list-artifacts
iteration_duration,1632418312,1299.892002,,,,,,,,,default,,,,,,script=list-artifacts
iterations,1632418312,1.000000,,,,,,,,,default,,,,,,script=list-artifacts
success,1632418312,1.000000,,,,,,,,,default,,,,,,script=list-artifacts
data_sent,1632418312,0.000000,,,,,,,,,default,,,,,,script=list-artifacts
data_received,1632418312,0.000000,,,,,,,,,default,,,,,,script=list-artifacts
iteration_duration,1632418312,1371.566652,,,,,,,,,default,,,,,,script=list-artifacts
iterations,1632418312,1.000000,,,,,,,,,default,,,,,,script=list-artifacts
success,1632418312,1.000000,,,,,,,,,default,,,,,,script=list-artifacts
data_sent,1632418312,0.000000,,,,,,,,,default,,,,,,script=list-artifacts
data_received,1632418312,0.000000,,,,,,,,,default,,,,,,script=list-artifacts
iteration_duration,1632418312,1388.610435,,,,,,,,,default,,,,,,script=list-artifacts
iterations,1632418312,1.000000,,,,,,,,,default,,,,,,script=list-artifacts
success,1632418312,1.000000,,,,,,,,,default,,,,,,script=list-artifacts
data_sent,1632418312,0.000000,,,,,,,,,default,,,,,,script=list-artifacts
data_received,1632418312,0.000000,,,,,,,,,default,,,,,,script=list-artifacts
iteration_duration,1632418312,1184.871754,,,,,,,,,default,,,,,,script=list-artifacts
iterations,1632418312,1.000000,,,,,,,,,default,,,,,,script=list-artifacts
success,1632418312,1.000000,,,,,,,,,default,,,,,,script=list-artifacts
data_sent,1632418312,0.000000,,,,,,,,,default,,,,,,script=list-artifacts
data_received,1632418312,0.000000,,,,,,,,,default,,,,,,script=list-artifacts
iteration_duration,1632418312,1292.154672,,,,,,,,,default,,,,,,script=list-artifacts
iterations,1632418312,1.000000,,,,,,,,,default,,,,,,script=list-artifacts
success,1632418312,1.000000,,,,,,,,,default,,,,,,script=list-artifacts
data_sent,1632418312,0.000000,,,,,,,,,default,,,,,,script=list-artifacts
data_received,1632418312,0.000000,,,,,,,,,default,,,,,,script=list-artifacts
iteration_duration,1632418312,1302.973004,,,,,,,,,default,,,,,,script=list-artifacts
iterations,1632418312,1.000000,,,,,,,,,default,,,,,,script=list-artifacts
success,1632418312,1.000000,,,,,,,,,default,,,,,,script=list-artifacts
data_sent,1632418312,0.000000,,,,,,,,,default,,,,,,script=list-artifacts
data_received,1632418312,0.000000,,,,,,,,,default,,,,,,script=list-artifacts
iteration_duration,1632418312,1075.949862,,,,,,,,,default,,,,,,script=list-artifacts
iterations,1632418312,1.000000,,,,,,,,,default,,,,,,script=list-artifacts
success,1632418312,1.000000,,,,,,,,,default,,,,,,script=list-artifacts
data_sent,1632418312,0.000000,,,,,,,,,default,,,,,,script=list-artifacts
data_received,1632418312,0.000000,,,,,,,,,default,,,,,,script=list-artifacts
iteration_duration,1632418312,1354.238491,,,,,,,,,default,,,,,,script=list-artifacts
iterations,1632418312,1.000000,,,,,,,,,default,,,,,,script=list-artifacts
success,1632418312,1.000000,,,,,,,,,default,,,,,,script=list-artifacts
data_sent,1632418312,0.000000,,,,,,,,,default,,,,,,script=list-artifacts
data_received,1632418312,0.000000,,,,,,,,,default,,,,,,script=list-artifacts
iteration_duration,1632418312,1544.720742,,,,,,,,,default,,,,,,script=list-artifacts
iterations,1632418312,1.000000,,,,,,,,,default,,,,,,script=list-artifacts
success,1632418312,1.000000,,,,,,,,,default,,,,,,script=list-artifacts
data_sent,1632418312,0.000000,,,,,,,,,default,,,,,,script=list-artifacts
data_received,1632418312,0.000000,,,,,,,,,default,,,,,,script=list-artifacts
iteration_duration,1632418312,995.476300,,,,,,,,,default,,,,,,script=list-artifacts
iterations,1632418312,1.000000,,,,,,,,,default,,,,,,script=list-artifacts
success,1632418312,1.000000,,,,,,,,,default,,,,,,script=list-artifacts
data_sent,1632418312,0.000000,,,,,,,,,default,,,,,,script=list-artifacts
data_received,1632418312,0.000000,,,,,,,,,default,,,,,,script=list-artifacts
iteration_duration,1632418312,1502.596688,,,,,,,,,default,,,,,,script=list-artifacts
iterations,1632418312,1.000000,,,,,,,,,default,,,,,,script=list-artifacts
success,1632418312,1.000000,,,,,,,,,default,,,,,,script=list-artifacts
data_sent,1632418312,0.000000,,,,,,,,,default,,,,,,script=list-artifacts
data_received,1632418312,0.000000,,,,,,,,,default,,,,,,script=list-artifacts
iteration_duration,1632418312,816.369238,,,,,,,,,default,,,,,,script=list-artifacts
iterations,1632418312,1.000000,,,,,,,,,default,,,,,,script=list-artifacts
success,1632418312,1.000000,,,,,,,,,default,,,,,,script=list-artifacts
data_sent,1632418312,0.000000,,,,,,,,,default,,,,,,script=list-artifacts
data_received,1632418312,0.000000,,,,,,,,,default,,,,,,script=list-artifacts
iteration_duration,1632418312,1460.285944,,,,,,,,,default,,,,,,script=list-artifacts
iterations,1632418312,1.000000,,,,,,,,,default,,,,,,script=list-artifacts
success,1632418312,1.000000,,,,,,,,,default,,,,,,script=list-artifacts
data_sent,1632418312,0.000000,,,,,,,,,default,,,,,,script=list-artifacts
data_received,1632418312,0.000000,,,,,,,,,default,,,,,,script=list-artifacts
iteration_duration,1632418312,1265.279278,,,,,,,,,default,,,,,,script=list-artifacts
iterations,1632418312,1.000000,,,,,,,,,default,,,,,,script=list-artifacts
success,1632418312,1.000000,,,,,,,,,default,,,,,,script=list-artifacts
data_sent,1632418312,0.000000,,,,,,,,,default,,,,,,script=list-artifacts
data_received,1632418312,0.000000,,,,,,,,,default,,,,,,script=list-artifacts
iteration_duration,1632418312,1228.242440,,,,,,,,,default,,,,,,script=list-artifacts
iterations,1632418312,1.000000,,,,,,,,,default,,,,,,script=list-artifacts
success,1632418312,1.000000,,,,,,,,,default,,,,,,script=list-artifacts
data_sent,1632418312,0.000000,,,,,,,,,default,,,,,,script=list-artifacts
data_received,1632418312,0.000000,,,,,,,,,default,,,,,,script=list-artifacts
iteration_duration,1632418312,1365.332689,,,,,,,,,default,,,,,,script=list-artifacts
iterations,1632418312,1.000000,,,,,,,,,default,,,,,,script=list-artifacts
success,1632418312,1.000000,,,,,,,,,default,,,,,,script=list-artifacts
data_sent,1632418312,0.000000,,,,,,,,,default,,,,,,script=list-artifacts
data_received,1632418312,0.000000,,,,,,,,,default,,,,,,script=list-artifacts
iteration_duration,1632418312,1067.687476,,,,,,,,,default,,,,,,script=list-artifacts
iterations,1632418312,1.000000,,,,,,,,,default,,,,,,script=list-artifacts
success,1632418312,1.000000,,,,,,,,,default,,,,,,script=list-artifacts
data_sent,1632418312,0.000000,,,,,,,,,default,,,,,,script=list-artifacts
data_received,1632418312,0.000000,,,,,,,,,default,,,,,,script=list-artifacts
iteration_duration,1632418312,814.339640,,,,,,,,,default,,,,,,script=list-artifacts
iterations,1632418312,1.000000,,,,,,,,,default,,,,,,script=list-artifacts
success,1632418312,1.000000,,,,,,,,,default,,,,,,script=list-artifacts
data_sent,1632418312,0.000000,,,,,,,,,default,,,,,,script=list-artifacts
data_received,1632418312,0.000000,,,,,,,,,default,,,,,,script=list-artifacts
iteration_duration,1632418312,1416.110990,,,,,,,,,default,,,,,,script=list-artifacts
iterations,1632418312,1.000000,,,,,,,,,default,,,,,,script=list-artifacts
success,1632418312,1.000000,,,,,,,,,default,,,,,,script=list-artifacts
data_sent,1632418312,0.000000,,,,,,,,,default,,,,,,script=list-artifacts
data_received,1632418312,0.000000,,,,,,,,,default,,,,,,script=list-artifacts
iteration_duration,1632418312,1234.989426,,,,,,,,,default,,,,,,script=list-artifacts
iterations,1632418312,1.000000,,,,,,,,,default,,,,,,script=list-artifacts
success,1632418312,1.000000,,,,,,,,,default,,,,,,script=list-artifacts
data_sent,1632418312,0.000000,,,,,,,,,default,,,,,,script=list-artifacts
data_received,1632418312,0.000000,,,,,,,,,default,,,,,,script=list-artifacts
iteration_duration,1632418312,675.136989,,,,,,,,,default,,,,,,script=list-artifacts
iterations,1632418312,1.000000,,,,,,,,,default,,,,,,script=list-artifacts
